Оптом Power bank Повер банк Внешний аккумулятор,200   ₽,https://www.avito.ru/moskva/telefony/optom_power_bank_pover_bank_vneshniy_akkumulyator_1308367919?slocation=621540
Аккумулятор iPhone SAMSUNG,299   ₽,https://www.avito.ru/orenburg/telefony/akkumulyator_iphone_samsung_1163559021
"Дисплей, сенсор, модуль. iPhone SAMSUNG и др",799   ₽,https://www.avito.ru/orenburg/telefony/displey_sensor_modul._iphone_samsung_i_dr_1005289546
Power Bank до 35000 Mah + наушники Monster beats,290   ₽,https://www.avito.ru/chelyabinsk/telefony/power_bank_do_35000_mah_naushniki_monster_beats_1582276253
Htc,300   ₽,https://www.avito.ru/krasnodar/telefony/htc_1759475001
HTC,1 000   ₽,https://www.avito.ru/maykop/telefony/htc_1449924642?slocation=621540
Продам HTC Desire SV,1 000   ₽,https://www.avito.ru/smolensk/telefony/prodam_htc_desire_sv_1627203175?slocation=621540
HTC Desire 12+ plus,7 990   ₽,https://www.avito.ru/sankt-peterburg/telefony/htc_desire_12_plus_1851263212
HTC,4 000   ₽,https://www.avito.ru/sankt-peterburg/telefony/htc_1267342846
HTC MAX 4G,500   ₽,https://www.avito.ru/moskva/telefony/htc_max_4g_1010431999
HTC,900   ₽,https://www.avito.ru/chelyabinsk/telefony/htc_876290360?slocation=621540
"Шлейфа HTC, разъемы, тачскрины",99   ₽,https://www.avito.ru/vologda/telefony/shleyfa_htc_razemy_tachskriny_1289626138
Телефон HTC M8s,2 000   ₽,https://www.avito.ru/engels/telefony/telefon_htc_m8s_1873412278
Htc u12 plus,10 000   ₽,https://www.avito.ru/moskva/telefony/htc_u12_plus_1875413213
HTC,1 199   ₽,https://www.avito.ru/ryazan/telefony/htc_1800764016?slocation=621540
HTC,1 250   ₽,https://www.avito.ru/voronezh/telefony/htc_1817381139?slocation=621540
HTC Desire 510,2 500   ₽,https://www.avito.ru/dmitrov/telefony/htc_desire_510_1384060029?slocation=621540
Телефон HTC ONE X 16гб,900   ₽,https://www.avito.ru/volgograd/telefony/telefon_htc_one_x_16gb_1788591368?slocation=621540
Телефон HTC,2 000   ₽,https://www.avito.ru/velikiy_novgorod/telefony/telefon_htc_1855766159?slocation=621540
HTC Новый,4 500   ₽,https://www.avito.ru/kemerovo/telefony/htc_novyy_1885172424
Телефон HTC редми новт 6 про,6 000   ₽,https://www.avito.ru/gudermes/telefony/telefon_htc_redmi_novt_6_pro_1885106195
Htc,5 000   ₽,https://www.avito.ru/uzlovaya/telefony/htc_1778584451?slocation=621540
Оригинальные запчасти к сотовым и планшетам,100   ₽,https://www.avito.ru/murmansk/telefony/originalnye_zapchasti_k_sotovym_i_planshetam_103418480?slocation=621540
Телефон HTC,2 800   ₽,https://www.avito.ru/tomsk/telefony/telefon_htc_1875823285?slocation=621540
HTC Wildfire S,2 000   ₽,https://www.avito.ru/omsk/telefony/htc_wildfire_s_164223459?slocation=621540
HTC Touth2 T3333,700   ₽,https://www.avito.ru/tula/telefony/htc_touth2_t3333_1846621352?slocation=621540
Телефон HTC,500   ₽,https://www.avito.ru/krasnodar/telefony/telefon_htc_1829419946
Смартфон HTC 516,500   ₽,https://www.avito.ru/anapa/telefony/smartfon_htc_516_1764448450?slocation=621540
Htc U Ultra Sapphire Edition,16 000   ₽,https://www.avito.ru/ekaterinburg/telefony/htc_u_ultra_sapphire_edition_1095951113
Htc на разбор или под востановление,700   ₽,https://www.avito.ru/volgogradskaya_oblast_oktyabrskiy/telefony/htc_na_razbor_ili_pod_vostanovlenie_1859013869
Htc,3 000   ₽,https://www.avito.ru/astrahan/telefony/htc_1878304737?slocation=621540
Телефон HTC,2 000   ₽,https://www.avito.ru/moskva/telefony/telefon_htc_1867160626?slocation=621540
HTC Chacha,3 999   ₽,https://www.avito.ru/moskva/telefony/htc_chacha_716250571?slocation=621540
Телефон HTC A3333,500   ₽,https://www.avito.ru/kazan/telefony/telefon_htc_a3333_1842854489?slocation=621540
HTC D626PH,1 000   ₽,https://www.avito.ru/seltso/telefony/htc_d626ph_1584282472
Продаю телефон HTC,3 000   ₽,https://www.avito.ru/kurgan/telefony/prodayu_telefon_htc_1829737002?slocation=621540
HTC One m8,4 000   ₽,https://www.avito.ru/sankt-peterburg/telefony/htc_one_m8_1790784298
HTC Desire 820,1 500   ₽,https://www.avito.ru/ekaterinburg/telefony/htc_desire_820_1864149851?slocation=621540
Телефон HTC Desire 530,2 000   ₽,https://www.avito.ru/stavropol/telefony/telefon_htc_desire_530_1880411194
Телефон hts one 8,3 500   ₽,https://www.avito.ru/tyumen/telefony/telefon_hts_one_8_1883377858
Htc one dual sim 32gb,3 500   ₽,https://www.avito.ru/moskva/telefony/htc_one_dual_sim_32gb_1358463525?slocation=621540
HTC One X,1 500   ₽,https://www.avito.ru/kazan/telefony/htc_one_x_1848684132?slocation=621540
HTC,500   ₽,https://www.avito.ru/stavropolskiy_kray_mihaylovsk/telefony/htc_1884953724
Телефон HTC sensation,2 000   ₽,https://www.avito.ru/tyumen/telefony/telefon_htc_sensation_1883834699
Продам телефон HTC,1 700   ₽,https://www.avito.ru/ivanovo/telefony/prodam_telefon_htc_1849933082?slocation=621540
HTC Desire 820G Dual sim,3 000   ₽,https://www.avito.ru/velikiy_novgorod/telefony/htc_desire_820g_dual_sim_1880662069?slocation=621540
HTC Desire 12+ (plus),8 000   ₽,https://www.avito.ru/sankt-peterburg/telefony/htc_desire_12_plus_1826094454?slocation=621540
Продаю htc 626,2 800   ₽,https://www.avito.ru/moskva/telefony/prodayu_htc_626_1792881667?slocation=621540
Телефон HTC Wildfire S модель A510e,500   ₽,https://www.avito.ru/ivanovo/telefony/telefon_htc_wildfire_s_model_a510e_1829472558?slocation=621540
Htc desire,2 000   ₽,https://www.avito.ru/moskva/telefony/htc_desire_381601244
Телефон HTC One S,800   ₽,https://www.avito.ru/sankt-peterburg/telefony/telefon_htc_one_s_1873525839
Телефон HTC в хорошем состоянии,1 000   ₽,https://www.avito.ru/balashiha/telefony/telefon_htc_v_horoshem_sostoyanii_777753364?slocation=621540
HTC m9,500   ₽,https://www.avito.ru/moskva/telefony/htc_m9_1877654274?slocation=621540
Самый маленький мини телефон BM70,1 990   ₽,https://www.avito.ru/rostov-na-donu/telefony/samyy_malenkiy_mini_telefon_bm70_1545766534?slocation=621540
Оптом Power bank Повер банк Внешний аккумулятор,200   ₽,https://www.avito.ru/moskva/telefony/optom_power_bank_pover_bank_vneshniy_akkumulyator_1308367919?slocation=621540
Аккумулятор iPhone SAMSUNG,299   ₽,https://www.avito.ru/orenburg/telefony/akkumulyator_iphone_samsung_1163559021
"Дисплей, сенсор, модуль. iPhone SAMSUNG и др",799   ₽,https://www.avito.ru/orenburg/telefony/displey_sensor_modul._iphone_samsung_i_dr_1005289546
Power Bank до 35000 Mah + наушники Monster beats,290   ₽,https://www.avito.ru/chelyabinsk/telefony/power_bank_do_35000_mah_naushniki_monster_beats_1582276253
Htc,300   ₽,https://www.avito.ru/krasnodar/telefony/htc_1759475001
HTC,1 000   ₽,https://www.avito.ru/maykop/telefony/htc_1449924642?slocation=621540
Продам HTC Desire SV,1 000   ₽,https://www.avito.ru/smolensk/telefony/prodam_htc_desire_sv_1627203175?slocation=621540
HTC Desire 12+ plus,7 990   ₽,https://www.avito.ru/sankt-peterburg/telefony/htc_desire_12_plus_1851263212
HTC,4 000   ₽,https://www.avito.ru/sankt-peterburg/telefony/htc_1267342846
HTC MAX 4G,500   ₽,https://www.avito.ru/moskva/telefony/htc_max_4g_1010431999
HTC,900   ₽,https://www.avito.ru/chelyabinsk/telefony/htc_876290360?slocation=621540
"Шлейфа HTC, разъемы, тачскрины",99   ₽,https://www.avito.ru/vologda/telefony/shleyfa_htc_razemy_tachskriny_1289626138
Телефон HTC M8s,2 000   ₽,https://www.avito.ru/engels/telefony/telefon_htc_m8s_1873412278
Htc u12 plus,10 000   ₽,https://www.avito.ru/moskva/telefony/htc_u12_plus_1875413213
HTC,1 199   ₽,https://www.avito.ru/ryazan/telefony/htc_1800764016?slocation=621540
HTC,1 250   ₽,https://www.avito.ru/voronezh/telefony/htc_1817381139?slocation=621540
HTC Desire 510,2 500   ₽,https://www.avito.ru/dmitrov/telefony/htc_desire_510_1384060029?slocation=621540
Телефон HTC ONE X 16гб,900   ₽,https://www.avito.ru/volgograd/telefony/telefon_htc_one_x_16gb_1788591368?slocation=621540
Телефон HTC,2 000   ₽,https://www.avito.ru/velikiy_novgorod/telefony/telefon_htc_1855766159?slocation=621540
HTC Новый,4 500   ₽,https://www.avito.ru/kemerovo/telefony/htc_novyy_1885172424
Телефон HTC редми новт 6 про,6 000   ₽,https://www.avito.ru/gudermes/telefony/telefon_htc_redmi_novt_6_pro_1885106195
Htc,5 000   ₽,https://www.avito.ru/uzlovaya/telefony/htc_1778584451?slocation=621540
Оригинальные запчасти к сотовым и планшетам,100   ₽,https://www.avito.ru/murmansk/telefony/originalnye_zapchasti_k_sotovym_i_planshetam_103418480?slocation=621540
Телефон HTC,2 800   ₽,https://www.avito.ru/tomsk/telefony/telefon_htc_1875823285?slocation=621540
HTC Wildfire S,2 000   ₽,https://www.avito.ru/omsk/telefony/htc_wildfire_s_164223459?slocation=621540
HTC Touth2 T3333,700   ₽,https://www.avito.ru/tula/telefony/htc_touth2_t3333_1846621352?slocation=621540
Телефон HTC,500   ₽,https://www.avito.ru/krasnodar/telefony/telefon_htc_1829419946
Смартфон HTC 516,500   ₽,https://www.avito.ru/anapa/telefony/smartfon_htc_516_1764448450?slocation=621540
Htc U Ultra Sapphire Edition,16 000   ₽,https://www.avito.ru/ekaterinburg/telefony/htc_u_ultra_sapphire_edition_1095951113
Htc на разбор или под востановление,700   ₽,https://www.avito.ru/volgogradskaya_oblast_oktyabrskiy/telefony/htc_na_razbor_ili_pod_vostanovlenie_1859013869
Htc,3 000   ₽,https://www.avito.ru/astrahan/telefony/htc_1878304737?slocation=621540
Телефон HTC,2 000   ₽,https://www.avito.ru/moskva/telefony/telefon_htc_1867160626?slocation=621540
HTC Chacha,3 999   ₽,https://www.avito.ru/moskva/telefony/htc_chacha_716250571?slocation=621540
Телефон HTC A3333,500   ₽,https://www.avito.ru/kazan/telefony/telefon_htc_a3333_1842854489?slocation=621540
HTC D626PH,1 000   ₽,https://www.avito.ru/seltso/telefony/htc_d626ph_1584282472
Продаю телефон HTC,3 000   ₽,https://www.avito.ru/kurgan/telefony/prodayu_telefon_htc_1829737002?slocation=621540
HTC One m8,4 000   ₽,https://www.avito.ru/sankt-peterburg/telefony/htc_one_m8_1790784298
HTC Desire 820,1 500   ₽,https://www.avito.ru/ekaterinburg/telefony/htc_desire_820_1864149851?slocation=621540
Телефон HTC Desire 530,2 000   ₽,https://www.avito.ru/stavropol/telefony/telefon_htc_desire_530_1880411194
Телефон hts one 8,3 500   ₽,https://www.avito.ru/tyumen/telefony/telefon_hts_one_8_1883377858
Htc one dual sim 32gb,3 500   ₽,https://www.avito.ru/moskva/telefony/htc_one_dual_sim_32gb_1358463525?slocation=621540
HTC One X,1 500   ₽,https://www.avito.ru/kazan/telefony/htc_one_x_1848684132?slocation=621540
HTC,500   ₽,https://www.avito.ru/stavropolskiy_kray_mihaylovsk/telefony/htc_1884953724
Телефон HTC sensation,2 000   ₽,https://www.avito.ru/tyumen/telefony/telefon_htc_sensation_1883834699
Продам телефон HTC,1 700   ₽,https://www.avito.ru/ivanovo/telefony/prodam_telefon_htc_1849933082?slocation=621540
HTC Desire 820G Dual sim,3 000   ₽,https://www.avito.ru/velikiy_novgorod/telefony/htc_desire_820g_dual_sim_1880662069?slocation=621540
HTC Desire 12+ (plus),8 000   ₽,https://www.avito.ru/sankt-peterburg/telefony/htc_desire_12_plus_1826094454?slocation=621540
Продаю htc 626,2 800   ₽,https://www.avito.ru/moskva/telefony/prodayu_htc_626_1792881667?slocation=621540
Телефон HTC Wildfire S модель A510e,500   ₽,https://www.avito.ru/ivanovo/telefony/telefon_htc_wildfire_s_model_a510e_1829472558?slocation=621540
Htc desire,2 000   ₽,https://www.avito.ru/moskva/telefony/htc_desire_381601244
Телефон HTC One S,800   ₽,https://www.avito.ru/sankt-peterburg/telefony/telefon_htc_one_s_1873525839
Телефон HTC в хорошем состоянии,1 000   ₽,https://www.avito.ru/balashiha/telefony/telefon_htc_v_horoshem_sostoyanii_777753364?slocation=621540
HTC m9,500   ₽,https://www.avito.ru/moskva/telefony/htc_m9_1877654274?slocation=621540
Самый маленький мини телефон BM70,1 990   ₽,https://www.avito.ru/rostov-na-donu/telefony/samyy_malenkiy_mini_telefon_bm70_1545766534?slocation=621540
Htc,300   ₽,https://www.avito.ru/krasnodar/telefony/htc_1759475001
HTC,1 000   ₽,https://www.avito.ru/maykop/telefony/htc_1449924642?slocation=621540
Продам HTC Desire SV,1 000   ₽,https://www.avito.ru/smolensk/telefony/prodam_htc_desire_sv_1627203175?slocation=621540
HTC Desire 12+ plus,7 990   ₽,https://www.avito.ru/sankt-peterburg/telefony/htc_desire_12_plus_1851263212
HTC,4 000   ₽,https://www.avito.ru/sankt-peterburg/telefony/htc_1267342846
HTC MAX 4G,500   ₽,https://www.avito.ru/moskva/telefony/htc_max_4g_1010431999
HTC,900   ₽,https://www.avito.ru/chelyabinsk/telefony/htc_876290360?slocation=621540
"Шлейфа HTC, разъемы, тачскрины",99   ₽,https://www.avito.ru/vologda/telefony/shleyfa_htc_razemy_tachskriny_1289626138
Телефон HTC M8s,2 000   ₽,https://www.avito.ru/engels/telefony/telefon_htc_m8s_1873412278
Htc u12 plus,10 000   ₽,https://www.avito.ru/moskva/telefony/htc_u12_plus_1875413213
HTC,1 199   ₽,https://www.avito.ru/ryazan/telefony/htc_1800764016?slocation=621540
HTC,1 250   ₽,https://www.avito.ru/voronezh/telefony/htc_1817381139?slocation=621540
HTC Desire 510,2 500   ₽,https://www.avito.ru/dmitrov/telefony/htc_desire_510_1384060029?slocation=621540
Телефон HTC ONE X 16гб,900   ₽,https://www.avito.ru/volgograd/telefony/telefon_htc_one_x_16gb_1788591368?slocation=621540
Телефон HTC,2 000   ₽,https://www.avito.ru/velikiy_novgorod/telefony/telefon_htc_1855766159?slocation=621540
HTC Новый,4 500   ₽,https://www.avito.ru/kemerovo/telefony/htc_novyy_1885172424
Телефон HTC редми новт 6 про,6 000   ₽,https://www.avito.ru/gudermes/telefony/telefon_htc_redmi_novt_6_pro_1885106195
Htc,5 000   ₽,https://www.avito.ru/uzlovaya/telefony/htc_1778584451?slocation=621540
Телефон HTC,2 800   ₽,https://www.avito.ru/tomsk/telefony/telefon_htc_1875823285?slocation=621540
HTC Wildfire S,2 000   ₽,https://www.avito.ru/omsk/telefony/htc_wildfire_s_164223459?slocation=621540
HTC Touth2 T3333,700   ₽,https://www.avito.ru/tula/telefony/htc_touth2_t3333_1846621352?slocation=621540
Телефон HTC,500   ₽,https://www.avito.ru/krasnodar/telefony/telefon_htc_1829419946
Смартфон HTC 516,500   ₽,https://www.avito.ru/anapa/telefony/smartfon_htc_516_1764448450?slocation=621540
Htc U Ultra Sapphire Edition,16 000   ₽,https://www.avito.ru/ekaterinburg/telefony/htc_u_ultra_sapphire_edition_1095951113
Htc на разбор или под востановление,700   ₽,https://www.avito.ru/volgogradskaya_oblast_oktyabrskiy/telefony/htc_na_razbor_ili_pod_vostanovlenie_1859013869
Htc,3 000   ₽,https://www.avito.ru/astrahan/telefony/htc_1878304737?slocation=621540
Телефон HTC,2 000   ₽,https://www.avito.ru/moskva/telefony/telefon_htc_1867160626?slocation=621540
HTC Chacha,3 999   ₽,https://www.avito.ru/moskva/telefony/htc_chacha_716250571?slocation=621540
Телефон HTC A3333,500   ₽,https://www.avito.ru/kazan/telefony/telefon_htc_a3333_1842854489?slocation=621540
HTC D626PH,1 000   ₽,https://www.avito.ru/seltso/telefony/htc_d626ph_1584282472
Продаю телефон HTC,3 000   ₽,https://www.avito.ru/kurgan/telefony/prodayu_telefon_htc_1829737002?slocation=621540
HTC One m8,4 000   ₽,https://www.avito.ru/sankt-peterburg/telefony/htc_one_m8_1790784298
HTC Desire 820,1 500   ₽,https://www.avito.ru/ekaterinburg/telefony/htc_desire_820_1864149851?slocation=621540
Телефон HTC Desire 530,2 000   ₽,https://www.avito.ru/stavropol/telefony/telefon_htc_desire_530_1880411194
Htc one dual sim 32gb,3 500   ₽,https://www.avito.ru/moskva/telefony/htc_one_dual_sim_32gb_1358463525?slocation=621540
HTC One X,1 500   ₽,https://www.avito.ru/kazan/telefony/htc_one_x_1848684132?slocation=621540
HTC,500   ₽,https://www.avito.ru/stavropolskiy_kray_mihaylovsk/telefony/htc_1884953724
Телефон HTC sensation,2 000   ₽,https://www.avito.ru/tyumen/telefony/telefon_htc_sensation_1883834699
Продам телефон HTC,1 700   ₽,https://www.avito.ru/ivanovo/telefony/prodam_telefon_htc_1849933082?slocation=621540
HTC Desire 820G Dual sim,3 000   ₽,https://www.avito.ru/velikiy_novgorod/telefony/htc_desire_820g_dual_sim_1880662069?slocation=621540
HTC Desire 12+ (plus),8 000   ₽,https://www.avito.ru/sankt-peterburg/telefony/htc_desire_12_plus_1826094454?slocation=621540
Продаю htc 626,2 800   ₽,https://www.avito.ru/moskva/telefony/prodayu_htc_626_1792881667?slocation=621540
Телефон HTC Wildfire S модель A510e,500   ₽,https://www.avito.ru/ivanovo/telefony/telefon_htc_wildfire_s_model_a510e_1829472558?slocation=621540
Htc desire,2 000   ₽,https://www.avito.ru/moskva/telefony/htc_desire_381601244
Телефон HTC One S,800   ₽,https://www.avito.ru/sankt-peterburg/telefony/telefon_htc_one_s_1873525839
Телефон HTC в хорошем состоянии,1 000   ₽,https://www.avito.ru/balashiha/telefony/telefon_htc_v_horoshem_sostoyanii_777753364?slocation=621540
HTC m9,500   ₽,https://www.avito.ru/moskva/telefony/htc_m9_1877654274?slocation=621540
Htc,300   ₽,https://www.avito.ru/krasnodar/telefony/htc_1759475001
HTC,1 000   ₽,https://www.avito.ru/maykop/telefony/htc_1449924642?slocation=621540
Продам HTC Desire SV,1 000   ₽,https://www.avito.ru/smolensk/telefony/prodam_htc_desire_sv_1627203175?slocation=621540
HTC Desire 12+ plus,7 990   ₽,https://www.avito.ru/sankt-peterburg/telefony/htc_desire_12_plus_1851263212
HTC,4 000   ₽,https://www.avito.ru/sankt-peterburg/telefony/htc_1267342846
HTC MAX 4G,500   ₽,https://www.avito.ru/moskva/telefony/htc_max_4g_1010431999
HTC,900   ₽,https://www.avito.ru/chelyabinsk/telefony/htc_876290360?slocation=621540
"Шлейфа HTC, разъемы, тачскрины",99   ₽,https://www.avito.ru/vologda/telefony/shleyfa_htc_razemy_tachskriny_1289626138
Телефон HTC M8s,2 000   ₽,https://www.avito.ru/engels/telefony/telefon_htc_m8s_1873412278
Htc u12 plus,10 000   ₽,https://www.avito.ru/moskva/telefony/htc_u12_plus_1875413213
HTC,1 199   ₽,https://www.avito.ru/ryazan/telefony/htc_1800764016?slocation=621540
HTC,1 250   ₽,https://www.avito.ru/voronezh/telefony/htc_1817381139?slocation=621540
HTC Desire 510,2 500   ₽,https://www.avito.ru/dmitrov/telefony/htc_desire_510_1384060029?slocation=621540
Телефон HTC ONE X 16гб,900   ₽,https://www.avito.ru/volgograd/telefony/telefon_htc_one_x_16gb_1788591368?slocation=621540
Телефон HTC,2 000   ₽,https://www.avito.ru/velikiy_novgorod/telefony/telefon_htc_1855766159?slocation=621540
HTC Новый,4 500   ₽,https://www.avito.ru/kemerovo/telefony/htc_novyy_1885172424
Телефон HTC редми новт 6 про,6 000   ₽,https://www.avito.ru/gudermes/telefony/telefon_htc_redmi_novt_6_pro_1885106195
Htc,5 000   ₽,https://www.avito.ru/uzlovaya/telefony/htc_1778584451?slocation=621540
Телефон HTC,2 800   ₽,https://www.avito.ru/tomsk/telefony/telefon_htc_1875823285?slocation=621540
HTC Wildfire S,2 000   ₽,https://www.avito.ru/omsk/telefony/htc_wildfire_s_164223459?slocation=621540
HTC Touth2 T3333,700   ₽,https://www.avito.ru/tula/telefony/htc_touth2_t3333_1846621352?slocation=621540
Телефон HTC,500   ₽,https://www.avito.ru/krasnodar/telefony/telefon_htc_1829419946
Смартфон HTC 516,500   ₽,https://www.avito.ru/anapa/telefony/smartfon_htc_516_1764448450?slocation=621540
Htc U Ultra Sapphire Edition,16 000   ₽,https://www.avito.ru/ekaterinburg/telefony/htc_u_ultra_sapphire_edition_1095951113
Htc на разбор или под востановление,700   ₽,https://www.avito.ru/volgogradskaya_oblast_oktyabrskiy/telefony/htc_na_razbor_ili_pod_vostanovlenie_1859013869
Htc,3 000   ₽,https://www.avito.ru/astrahan/telefony/htc_1878304737?slocation=621540
Телефон HTC,2 000   ₽,https://www.avito.ru/moskva/telefony/telefon_htc_1867160626?slocation=621540
HTC Chacha,3 999   ₽,https://www.avito.ru/moskva/telefony/htc_chacha_716250571?slocation=621540
Телефон HTC A3333,500   ₽,https://www.avito.ru/kazan/telefony/telefon_htc_a3333_1842854489?slocation=621540
HTC D626PH,1 000   ₽,https://www.avito.ru/seltso/telefony/htc_d626ph_1584282472
Продаю телефон HTC,3 000   ₽,https://www.avito.ru/kurgan/telefony/prodayu_telefon_htc_1829737002?slocation=621540
HTC One m8,4 000   ₽,https://www.avito.ru/sankt-peterburg/telefony/htc_one_m8_1790784298
HTC Desire 820,1 500   ₽,https://www.avito.ru/ekaterinburg/telefony/htc_desire_820_1864149851?slocation=621540
Телефон HTC Desire 530,2 000   ₽,https://www.avito.ru/stavropol/telefony/telefon_htc_desire_530_1880411194
Htc one dual sim 32gb,3 500   ₽,https://www.avito.ru/moskva/telefony/htc_one_dual_sim_32gb_1358463525?slocation=621540
HTC One X,1 500   ₽,https://www.avito.ru/kazan/telefony/htc_one_x_1848684132?slocation=621540
HTC,500   ₽,https://www.avito.ru/stavropolskiy_kray_mihaylovsk/telefony/htc_1884953724
Телефон HTC sensation,2 000   ₽,https://www.avito.ru/tyumen/telefony/telefon_htc_sensation_1883834699
Продам телефон HTC,1 700   ₽,https://www.avito.ru/ivanovo/telefony/prodam_telefon_htc_1849933082?slocation=621540
HTC Desire 820G Dual sim,3 000   ₽,https://www.avito.ru/velikiy_novgorod/telefony/htc_desire_820g_dual_sim_1880662069?slocation=621540
HTC Desire 12+ (plus),8 000   ₽,https://www.avito.ru/sankt-peterburg/telefony/htc_desire_12_plus_1826094454?slocation=621540
Продаю htc 626,2 800   ₽,https://www.avito.ru/moskva/telefony/prodayu_htc_626_1792881667?slocation=621540
Телефон HTC Wildfire S модель A510e,500   ₽,https://www.avito.ru/ivanovo/telefony/telefon_htc_wildfire_s_model_a510e_1829472558?slocation=621540
Htc desire,2 000   ₽,https://www.avito.ru/moskva/telefony/htc_desire_381601244
Телефон HTC One S,800   ₽,https://www.avito.ru/sankt-peterburg/telefony/telefon_htc_one_s_1873525839
Телефон HTC в хорошем состоянии,1 000   ₽,https://www.avito.ru/balashiha/telefony/telefon_htc_v_horoshem_sostoyanii_777753364?slocation=621540
HTC m9,500   ₽,https://www.avito.ru/moskva/telefony/htc_m9_1877654274?slocation=621540
